filename,category,classid
audioset_-5dCv5_nvU8_205_210.wav,cough,1
audioset_-ej81N6Aqo4_5_10.wav,cough,1
audioset_-fURq3jhY1Y_0_5.wav,cough,1
audioset_-hu5q-Nn4BM_70_75.wav,cough,1
audioset_-i8bUT9k9FU_35_40.wav,cough,1
audioset_-jLQkyDhIxw_15_20.wav,cough,1
audioset_-jZav58HEOw_55_60.wav,cough,1
audioset_-o2vmOibWF4_315_320.wav,cough,1
audioset_-szeMToBrRE_60_65.wav,cough,1
audioset_-UxFUu6iiiY_325_330.wav,cough,1
audioset_03lAXcmqsMU_35_40.wav,cough,1
audioset_05YBpmCnoOQ_55_60.wav,cough,1
audioset_0CroKP1sYVw_10_15.wav,cough,1
audioset_0ii8QJsOpfQ_5_10.wav,cough,1
audioset_0k6KjLouAHs_35_40.wav,cough,1
audioset_0MwZQ1-WZyM_5_10.wav,cough,1
audioset_0pM8_hyW8SU_130_135.wav,cough,1
audioset_0qktEoIX2Sk_40_45.wav,cough,1
audioset_0sDlmseq2Kg_40_45.wav,cough,1
audioset_0UKv333EMPM_235_240.wav,cough,1
audioset_0v8MGxNetjg_15_20.wav,cough,1
audioset_0VaWzVLOWvE_125_130.wav,cough,1
audioset_0WPDmbAui6k_5_10.wav,cough,1
audioset_0YDNL-hmzbg_55_60.wav,cough,1
audioset_130v5XJl8G0_70_75.wav,cough,1
audioset_1a1Dx52izTo_0_5.wav,cough,1
audioset_1F234DLNRYc_10_15.wav,cough,1
audioset_1j1duoxdxBg_70_75.wav,cough,1
audioset_1jc3YPwYfC4_220_225.wav,cough,1
audioset_1jc3YPwYfC4_225_230.wav,cough,1
audioset_1JxnLOOUHaw_225_230.wav,cough,1
audioset_1PajbAKd8Kg_5_10.wav,cough,1
audioset_1PPN1HwpHfY_35_40.wav,cough,1
audioset_1UDFq2InljM_10_15.wav,cough,1
audioset_1VRjLJx7qII_25_30.wav,cough,1
audioset_1Xmw9VUzvLY_150_155.wav,cough,1
audioset_2Bx5e9vwLGk_60_65.wav,cough,1
audioset_2Bx5e9vwLGk_65_70.wav,cough,1
audioset_2Ez4R0a1icc_45_50.wav,cough,1
audioset_2hbytlgqDx4_145_150.wav,cough,1
audioset_2Hp1AvKRiOA_10_15.wav,cough,1
audioset_2I2IzXnhmtc_125_130.wav,cough,1
audioset_2sMLoW22TeU_0_5.wav,cough,1
audioset_2XictKgGPnM_0_5.wav,cough,1
audioset_2xURixj6I5k_20_25.wav,cough,1
audioset_2xURixj6I5k_25_30.wav,cough,1
audioset_2YNWDIPrLLo_5_10.wav,cough,1
audioset_2ZfwEg4JaiU_5_10.wav,cough,1
audioset_3aFProJmJzY_0_5.wav,cough,1
audioset_3bas_0f3RG0_50_55.wav,cough,1
audioset_3Enq7k2IpvQ_20_25.wav,cough,1
audioset_3Enq7k2IpvQ_25_30.wav,cough,1
audioset_3gFShyvw8iU_75_80.wav,cough,1
audioset_3gwAXQslyjE_0_5.wav,cough,1
audioset_3id3zRRZBVM_50_55.wav,cough,1
audioset_3id3zRRZBVM_55_60.wav,cough,1
audioset_3Liy9uBgsQM_60_65.wav,cough,1
audioset_3vYB7hZxQgA_10_15.wav,cough,1
audioset_3XJo4kA5mVI_13_18.wav,cough,1
audioset_40fIOkLK3j4_65_70.wav,cough,1
audioset_43FtU9nHMxc_0_5.wav,cough,1
audioset_43MaVucRguE_20_25.wav,cough,1
audioset_4B3nkHcPwjQ_23_28.wav,cough,1
audioset_4D0eP3Cwfbg_15_20.wav,cough,1
audioset_4jQ8ffBxWkk_75_80.wav,cough,1
audioset_4jRSJjV-afY_50_55.wav,cough,1
audioset_4lOXjW8rpxU_0_5.wav,cough,1
audioset_4vyk0EIJGWY_5_10.wav,cough,1
audioset_4WLF2CT0eCM_40_45.wav,cough,1
audioset_4xQcOwfV48Y_45_50.wav,cough,1
audioset_4yFWcSkby5w_35_40.wav,cough,1
audioset_56EwcOsQ7Eo_30_35.wav,cough,1
audioset_5dLiCHRd-g4_30_35.wav,cough,1
audioset_5hmDPsZnmf4_30_35.wav,cough,1
audioset_5hmDPsZnmf4_35_40.wav,cough,1
audioset_5l9qTa5OAL8_225_230.wav,cough,1
audioset_5miYwEKNrsQ_50_55.wav,cough,1
audioset_5r9Ixli8hnc_0_5.wav,cough,1
audioset_5wbc84KnDS0_65_70.wav,cough,1
audioset_6GXEfncDqUg_6_11.wav,cough,1
audioset_6iz8Jk8Hvwg_245_250.wav,cough,1
audioset_6K_sU6-dp0Q_30_35.wav,cough,1
audioset_6lbkx_tf50g_220_225.wav,cough,1
audioset_6nTcsNoIGDw_50_55.wav,cough,1
audioset_6OatUcXF4nk_0_5.wav,cough,1
audioset_6PdQjCUz-S4_260_265.wav,cough,1
audioset_6pyURnYYMwo_25_30.wav,cough,1
audioset_6t0W9hVZyaM_35_40.wav,cough,1
audioset_6uARrlkc_a4_30_35.wav,cough,1
audioset_6uW93XzK0Xw_0_5.wav,cough,1
audioset_6uW93XzK0Xw_5_10.wav,cough,1
audioset_6VOGlqLeOzI_35_40.wav,cough,1
audioset_7hQ-7sWi8W0_30_35.wav,cough,1
audioset_7pqRqXjqeX4_330_335.wav,cough,1
audioset_7xSTAmKAsFE_120_125.wav,cough,1
audioset_7_v8jFFo9SM_50_55.wav,cough,1
audioset_87gy1S4dSw8_30_35.wav,cough,1
audioset_8cM-69gMf5g_13_18.wav,cough,1
audioset_8cM-69gMf5g_8_13.wav,cough,1
audioset_8eOuWEGBF7Q_35_40.wav,cough,1
audioset_8FEQuq03bgU_45_50.wav,cough,1
audioset_8ieJbzu7ql8_25_30.wav,cough,1
audioset_8IhJllXxBlQ_35_40.wav,cough,1
audioset_8N5XxcJ7QOU_20_25.wav,cough,1
audioset_96ey8FQVfUY_10_15.wav,cough,1
audioset_9FQbcnHQI6Y_75_80.wav,cough,1
audioset_9h3a7fN0f-c_240_245.wav,cough,1
audioset_9h3a7fN0f-c_245_250.wav,cough,1
audioset_9KNqsONT3-Y_70_75.wav,cough,1
audioset_9kY53W3S_dE_0_5.wav,cough,1
audioset_9P8waFCqbOQ_90_95.wav,cough,1
audioset_9pX8I7KzQAI_10_15.wav,cough,1
audioset_9Zl4VUruA9I_120_125.wav,cough,1
audioset_a0WWg7AaBdw_35_40.wav,cough,1
audioset_a13Tb8SfzTY_50_55.wav,cough,1
audioset_a1Fl2okChlw_5_10.wav,cough,1
audioset_A5LNrdkqYlw_170_175.wav,cough,1
audioset_A5s2ZgwQ1VM_90_95.wav,cough,1
audioset_a8qOv7R0UkI_30_35.wav,cough,1
audioset_aAJuPyUvHn8_20_25.wav,cough,1
audioset_aeWiKB1oEKo_5_10.wav,cough,1
audioset_AgJg2gVUcTg_15_20.wav,cough,1
audioset_aHXJqoRkUF0_95_100.wav,cough,1
audioset_AIVt3e5EVtc_70_75.wav,cough,1
audioset_AIVt3e5EVtc_75_80.wav,cough,1
audioset_AjbyESmmyts_75_80.wav,cough,1
audioset_aJdyPN00-bM_0_5.wav,cough,1
audioset_akiBCisKkkw_585_590.wav,cough,1
audioset_AlPu_yxLT2g_230_235.wav,cough,1
audioset_Ao0n1cqfFDw_25_30.wav,cough,1
audioset_ao9oox4OiGU_10_15.wav,cough,1
audioset_aTHVNwrEVxI_135_140.wav,cough,1
audioset_AyQkYPYXLys_35_40.wav,cough,1
audioset_AZi2U9-bC2E_50_55.wav,cough,1
audioset_a_Ia_mMsm3g_28_33.wav,cough,1
audioset_B-aFrS47bY8_0_5.wav,cough,1
audioset_B-aFrS47bY8_5_10.wav,cough,1
audioset_b24uboHG_GE_5_10.wav,cough,1
audioset_B4dHtSx7OGc_65_70.wav,cough,1
audioset_B9qFfAmjrfE_0_5.wav,cough,1
audioset_bbbKtEqT5ZM_15_20.wav,cough,1
audioset_bEah4B4VQwg_15_20.wav,cough,1
audioset_bGnx2cngHqw_0_5.wav,cough,1
audioset_bv35U83Ob1o_70_75.wav,cough,1
audioset_BwfscnYTNnA_0_5.wav,cough,1
audioset_bXn8tOyzSlM_445_450.wav,cough,1
audioset_bXOAjM__g-Y_0_5.wav,cough,1
audioset_bY5IF_CbUOI_11_16.wav,cough,1
audioset_BZU01hhyVKs_480_485.wav,cough,1
audioset_c-yI09r8D5w_15_20.wav,cough,1
audioset_c4MUgtiDtDY_30_35.wav,cough,1
audioset_c4MUgtiDtDY_35_40.wav,cough,1
audioset_c5i-_MCJItg_105_110.wav,cough,1
audioset_C6FT5L8Osxw_9_14.wav,cough,1
audioset_cAbu7bD93jg_27_32.wav,cough,1
audioset_cfRNCeu1azs_235_240.wav,cough,1
audioset_ch52-gNqnTg_10_15.wav,cough,1
audioset_cl4hzarjGhk_0_5.wav,cough,1
audioset_cQVbXeuLmRg_25_30.wav,cough,1
audioset_CsNTOw4LTBw_100_105.wav,cough,1
audioset_czpeupUmKZM_20_25.wav,cough,1
audioset_d-6P7XPoRvk_10_15.wav,cough,1
audioset_D1rqBpE9GKM_0_5.wav,cough,1
audioset_d2wkdrScerU_30_35.wav,cough,1
audioset_d2wkdrScerU_35_40.wav,cough,1
audioset_D38tInhhxLc_0_5.wav,cough,1
audioset_d4tR-uPEiyA_5_10.wav,cough,1
audioset_d6ceewlwkPU_10_15.wav,cough,1
audioset_daD9q2qZt10_75_80.wav,cough,1
audioset_daMTXI-4LnE_5_10.wav,cough,1
audioset_dcPIGsnBYKg_15_20.wav,cough,1
audioset_DdaaH8BbQfc_190_195.wav,cough,1
audioset_De4HdyocTHY_150_155.wav,cough,1
audioset_dFmT9hZ5sbA_0_5.wav,cough,1
audioset_DFwqGyqU7k8_230_235.wav,cough,1
audioset_DHi2oIm3OE8_50_55.wav,cough,1
audioset_DjMMCk8lSrE_5_10.wav,cough,1
audioset_DkCIFy4OWno_15_20.wav,cough,1
audioset_DNXm4P3nPkQ_0_5.wav,cough,1
audioset_DqA9RP4jBYE_0_5.wav,cough,1
audioset_DqA9RP4jBYE_5_10.wav,cough,1
audioset_Dvef2EjNF1I_34_39.wav,cough,1
audioset_dVpkKJlWiC8_3_8.wav,cough,1
audioset_dVpkKJlWiC8_8_13.wav,cough,1
audioset_Dw_f7aVKEfQ_30_35.wav,cough,1
audioset_DYTLct-5tVs_0_5.wav,cough,1
audioset_DyUueJ0UCow_30_35.wav,cough,1
audioset_E5guDHgn7XQ_40_45.wav,cough,1
audioset_e819MDX52Hg_130_135.wav,cough,1
audioset_Ebl4NBkvH8Q_5_10.wav,cough,1
audioset_ecMjGuuS1Lo_40_45.wav,cough,1
audioset_eeGCmxvc6Us_60_65.wav,cough,1
audioset_eFMExkx5v0Y_35_40.wav,cough,1
audioset_eKSWfedlOOs_17_22.wav,cough,1
audioset_eMFdwCv72T8_5_10.wav,cough,1
audioset_Eq_VLzVJSIo_0_5.wav,cough,1
audioset_es4irq9lyJI_25_30.wav,cough,1
audioset_EXHDkrFsA1A_60_65.wav,cough,1
audioset_f1zWL7xBcCo_25_30.wav,cough,1
audioset_f4CxHwqbn3M_100_105.wav,cough,1
audioset_F6u-BlaMvRI_0_5.wav,cough,1
audioset_Ff6rl7oz9kU_30_35.wav,cough,1
audioset_ffRSeubjW-E_55_60.wav,cough,1
audioset_fHvPzjInHuI_20_25.wav,cough,1
audioset_fHvPzjInHuI_25_30.wav,cough,1
audioset_fJMcXN1UK9o_170_175.wav,cough,1
audioset_FJ_UJMzw3ns_5_10.wav,cough,1
audioset_fLGJTNMY1p0_205_210.wav,cough,1
audioset_fom1o4tKsFU_50_55.wav,cough,1
audioset_ForlLmlrpXA_70_75.wav,cough,1
audioset_Fp-TYthqsss_90_95.wav,cough,1
audioset_Fp-TYthqsss_95_100.wav,cough,1
audioset_fQPwncmjNl4_30_35.wav,cough,1
audioset_fs54CQ5dtXY_35_40.wav,cough,1
audioset_FTePTiRR_tA_65_70.wav,cough,1
audioset_Fu8Ze7MgXb4_40_45.wav,cough,1
audioset_Fu8Ze7MgXb4_45_50.wav,cough,1
audioset_fUBBh2iVC9U_210_215.wav,cough,1
audioset_fUdDA64eeFo_255_260.wav,cough,1
audioset_g7GsE05rPqQ_20_25.wav,cough,1
audioset_g89tLOXOEY8_30_35.wav,cough,1
audioset_g9djYQ-q9T0_30_35.wav,cough,1
audioset_gCYap0uxGjE_10_15.wav,cough,1
audioset_GF0kySmZtG4_0_5.wav,cough,1
audioset_Gk7SshHndEw_0_5.wav,cough,1
audioset_gqN5mKCWn58_0_5.wav,cough,1
audioset_gqN5mKCWn58_5_10.wav,cough,1
audioset_GTiou-fTfQs_25_30.wav,cough,1
audioset_GtQsRNnq2Ss_4_9.wav,cough,1
audioset_GXLEKU6K1uI_45_50.wav,cough,1
audioset_GziKt-tXatU_10_15.wav,cough,1
audioset_H1lnKTp2j0A_140_145.wav,cough,1
audioset_h31q1F4HeD4_50_55.wav,cough,1
audioset_H5fekAe_6pY_30_35.wav,cough,1
audioset_h8kb1_e2cLg_130_135.wav,cough,1
audioset_HAfXAoYSPUY_295_300.wav,cough,1
audioset_HEKKh5yZ1s8_200_205.wav,cough,1
audioset_hHZDpZecn_0_10_15.wav,cough,1
audioset_hIN-LwWLuyM_80_85.wav,cough,1
audioset_hkcxCXz_m5s_40_45.wav,cough,1
audioset_HKTZ-GafNPg_10_15.wav,cough,1
audioset_HokFzZfwGgE_31_36.wav,cough,1
audioset_hovQK26tr5U_125_130.wav,cough,1
audioset_hQMkT2YEnNA_30_35.wav,cough,1
audioset_HtdYwnS791U_165_170.wav,cough,1
audioset_hXLLJFF7ggU_105_110.wav,cough,1
audioset_i2k8d4WGPHw_9_14.wav,cough,1
audioset_I5MfWDvGp5Y_35_40.wav,cough,1
audioset_IBcyqQ_MI4Y_40_45.wav,cough,1
audioset_iHJoLgjAZPE_45_50.wav,cough,1
audioset_iHYa6cteK6U_230_235.wav,cough,1
audioset_IopLlgdJjUM_35_40.wav,cough,1
audioset_IPo39x2BV9c_16_21.wav,cough,1
audioset_IwQFUAPEk70_140_145.wav,cough,1
audioset_IYllzXfvkmY_20_25.wav,cough,1
audioset_IZ2hLZCF5dw_0_5.wav,cough,1
audioset_IZ2hLZCF5dw_5_10.wav,cough,1
audioset_IzPMbIll3LE_80_85.wav,cough,1
audioset_J-ZZryxwrrc_0_5.wav,cough,1
audioset_j0VnD6MrOjc_25_30.wav,cough,1
audioset_J2clp3ivBeg_245_250.wav,cough,1
audioset_J6_hvIunXnU_0_5.wav,cough,1
audioset_jATCv2v-iXo_20_25.wav,cough,1
audioset_jE6p3ZnefgI_95_100.wav,cough,1
audioset_jl-bMwj6ZQ4_40_45.wav,cough,1
audioset_JLtieDCSa6Y_5_10.wav,cough,1
audioset_jNRq5EwaLn8_0_5.wav,cough,1
audioset_jTyHWJ8A8lw_19_24.wav,cough,1
audioset_JUiy7rvdZ0k_60_65.wav,cough,1
audioset_JYNEaE7gS2Y_5_10.wav,cough,1
audioset_K3P5dlwn-Vk_35_40.wav,cough,1
audioset_k4IeljH1Leg_5_10.wav,cough,1
audioset_KCqugHUa6lY_35_40.wav,cough,1
audioset_KFzvoBATT2s_50_55.wav,cough,1
audioset_KFzvoBATT2s_55_60.wav,cough,1
audioset_khC7ed0_Kvs_190_195.wav,cough,1
audioset_kjC2NZ833BQ_16_21.wav,cough,1
audioset_knMUPLK4dQk_12_17.wav,cough,1
audioset_KoPZxUmJ430_35_40.wav,cough,1
audioset_KoUw2T0QKgY_75_80.wav,cough,1
audioset_kY7wtz6vw_8_215_220.wav,cough,1
audioset_k_0J26cnYpw_40_45.wav,cough,1
audioset_k_ry9us3pAQ_90_95.wav,cough,1
audioset_l3PdJzoTiL0_28_33.wav,cough,1
audioset_l4t0sPybWEc_15_20.wav,cough,1
audioset_L76160fJoNc_40_45.wav,cough,1
audioset_lds-qZiYV7A_30_35.wav,cough,1
audioset_lH6ym1UrlnE_120_125.wav,cough,1
audioset_lH6ym1UrlnE_125_130.wav,cough,1
audioset_lN6H0_PqKME_15_20.wav,cough,1
audioset_Lox1De6nZPM_35_40.wav,cough,1
audioset_LpnHXuod-JM_0_5.wav,cough,1
audioset_lW6PcJoKR68_345_350.wav,cough,1
audioset_M5E6gS3pAMo_10_15.wav,cough,1
audioset_Mip5XqKewqo_5_10.wav,cough,1
audioset_mISc-Iebq64_510_515.wav,cough,1
audioset_MPRocP3N_E0_40_45.wav,cough,1
audioset_MRBMDzJT8Gw_5_10.wav,cough,1
audioset_mtH-Z8fNwDM_0_5.wav,cough,1
audioset_n0YvUzf6yaM_0_5.wav,cough,1
audioset_n4eU5yqGMfM_30_35.wav,cough,1
audioset_n5cX87l-bGU_30_35.wav,cough,1
audioset_nfdEAfLG7qQ_10_15.wav,cough,1
audioset_Nfjob0snU5Y_20_25.wav,cough,1
audioset_NfUONhpVA0Q_30_35.wav,cough,1
audioset_NfUONhpVA0Q_35_40.wav,cough,1
audioset_nIBRNVTxo8w_5_10.wav,cough,1
audioset_njVQaT_56uM_5_10.wav,cough,1
audioset_nK04u0NuenA_130_135.wav,cough,1
audioset_NN-Mr5F-qo4_0_5.wav,cough,1
audioset_NrZA3gyQ__Q_35_40.wav,cough,1
audioset_NSBAv1UxHB4_25_30.wav,cough,1
audioset_nW9VFd43pFI_80_85.wav,cough,1
audioset_Ny9drT08tXg_35_40.wav,cough,1
audioset_n_Yf7QYcxmA_110_115.wav,cough,1
audioset_o57a81w9c-k_100_105.wav,cough,1
audioset_O5qp_9m3Fas_15_20.wav,cough,1
audioset_O6Vf6o4V5-8_0_5.wav,cough,1
audioset_o8zJ_AjJ388_10_15.wav,cough,1
audioset_OcRian470no_235_240.wav,cough,1
audioset_OCs66H_EYFg_30_35.wav,cough,1
audioset_oGiXifci56k_26_31.wav,cough,1
audioset_oGiXifci56k_31_36.wav,cough,1
audioset_orYVDqD1La0_315_320.wav,cough,1
audioset_oUUfZn8K_pg_0_5.wav,cough,1
audioset_oUUfZn8K_pg_5_10.wav,cough,1
audioset_oVE7t_RU8V8_45_50.wav,cough,1
audioset_oYupDOgVGRw_10_15.wav,cough,1
audioset_P4bu1XBDoi4_180_185.wav,cough,1
audioset_P5ieydOAJQE_10_15.wav,cough,1
audioset_pAFLShxX98Q_10_15.wav,cough,1
audioset_pb6YxWXC31E_26_31.wav,cough,1
audioset_pBFMlOQyXCg_5_10.wav,cough,1
audioset_PGrFrJpgCNM_10_15.wav,cough,1
audioset_pHwZ5S5PmQs_5_10.wav,cough,1
audioset_PluONSpL-Tk_75_80.wav,cough,1
audioset_PQ1NJa6U_Mc_120_125.wav,cough,1
audioset_pqvsjEnXSns_35_40.wav,cough,1
audioset_PuE_Qe_H-z4_150_155.wav,cough,1
audioset_PwLeUwl82uI_30_35.wav,cough,1
audioset_pZc88RfF6Tg_360_365.wav,cough,1
audioset_q436dArlWp0_35_40.wav,cough,1
audioset_q4y4UvCKRBg_5_10.wav,cough,1
audioset_q6m4jQqxJx8_50_55.wav,cough,1
audioset_QAZ40aQlNZk_95_100.wav,cough,1
audioset_qHxgEpRG1Vs_30_35.wav,cough,1
audioset_ql2X0iGDZdo_13_18.wav,cough,1
audioset_qOSdHmfwLF4_40_45.wav,cough,1
audioset_qRkBOI01JcE_0_5.wav,cough,1
audioset_quwLxxbH2Pg_15_20.wav,cough,1
audioset_R0AJ_4W0f8k_5_10.wav,cough,1
audioset_R4szr2M1wik_50_55.wav,cough,1
audioset_rBdCfnD819k_10_15.wav,cough,1
audioset_rDGQN3dsgz4_5_10.wav,cough,1
audioset_RGCGo7N4btI_15_20.wav,cough,1
audioset_rkF_uMizqoc_15_20.wav,cough,1
audioset_RWCSzp1zU8A_50_55.wav,cough,1
audioset_RwE9JAktTvU_580_585.wav,cough,1
audioset_rWjU8DLj8vE_160_165.wav,cough,1
audioset_sBQmYKx44vw_45_50.wav,cough,1
audioset_sE8NSO_5K8U_21_26.wav,cough,1
audioset_sfxQfmtrKDg_4_9.wav,cough,1
audioset_sHdnsxOtVVI_175_180.wav,cough,1
audioset_sjm1E5xLiNI_5_10.wav,cough,1
audioset_SqjFpizO-zk_0_5.wav,cough,1
audioset_SsYyb8Vmuxk_25_30.wav,cough,1
audioset_SuXoEaXCxII_10_15.wav,cough,1
audioset_svGU4Rt3krw_20_25.wav,cough,1
audioset_t5vby75dXWo_145_150.wav,cough,1
audioset_T9W31G_ddH0_70_75.wav,cough,1
audioset_T9W31G_ddH0_75_80.wav,cough,1
audioset_TFViVPnL4m0_30_35.wav,cough,1
audioset_Tgq8krfDZ4A_75_80.wav,cough,1
audioset_TjP-9AlPShg_140_145.wav,cough,1
audioset_TjP-9AlPShg_145_150.wav,cough,1
audioset_TnGWTjiceJ4_45_50.wav,cough,1
audioset_TPcKwMZr25Y_15_20.wav,cough,1
audioset_tVo18pzri74_80_85.wav,cough,1
audioset_U2T1kTOqDLo_80_85.wav,cough,1
audioset_U43jRORy_eo_115_120.wav,cough,1
audioset_uCwjRQRkbTI_15_20.wav,cough,1
audioset_uFBONka7IYA_45_50.wav,cough,1
audioset_UibT25x1yFs_10_15.wav,cough,1
audioset_ujvutchAWUo_85_90.wav,cough,1
audioset_uuKQshLRnvk_50_55.wav,cough,1
audioset_u_rSaTA7684_275_280.wav,cough,1
audioset_V5jE5QHBhmY_20_25.wav,cough,1
audioset_vbFH9U-63XQ_5_10.wav,cough,1
audioset_Vc4OqYmUxYg_130_135.wav,cough,1
audioset_VIhx_NIaWOU_50_55.wav,cough,1
audioset_ViL1SkWhj-s_60_65.wav,cough,1
audioset_vUV6wLqozYg_45_50.wav,cough,1
audioset_vwe0wLJpgYU_70_75.wav,cough,1
audioset_W5nmsB6QcIo_10_15.wav,cough,1
audioset_W7R5RQ0Lj2U_75_80.wav,cough,1
audioset_wEIr3uj5QdE_5_10.wav,cough,1
audioset_WFZFXXM2J0U_65_70.wav,cough,1
audioset_wPMLT4OICTU_5_10.wav,cough,1
audioset_x7-Zj2E-CqY_50_55.wav,cough,1
audioset_xCRumdDLFj0_90_95.wav,cough,1
audioset_XD4BKqEoQ48_0_5.wav,cough,1
audioset_xp-tW5uzXaA_35_40.wav,cough,1
audioset_XqqfOyDsg8E_30_35.wav,cough,1
audioset_XthLTUqtTdA_30_35.wav,cough,1
audioset_XxhVVWDSD-M_235_240.wav,cough,1
audioset_y7ewcjOiCGI_20_25.wav,cough,1
audioset_Y7s0-xhtCRU_0_5.wav,cough,1
audioset_ydOGlFIbDNc_0_5.wav,cough,1
audioset_YGqPTHy_JF4_15_20.wav,cough,1
audioset_yIC-CoFV9ZI_50_55.wav,cough,1
audioset_YT56j7qxW28_10_15.wav,cough,1
audioset_YWftwX4Usy0_450_455.wav,cough,1
audioset_ZAL2wU5J-Pc_45_50.wav,cough,1
audioset_ZBzNxwQk9XE_0_5.wav,cough,1
audioset_ZcsX49ineJc_45_50.wav,cough,1
audioset_ZkKO6zUedsM_30_35.wav,cough,1
audioset_ZvKn6e1AZCU_0_5.wav,cough,1
audioset_ZzIjzMM1tJI_10_15.wav,cough,1
audioset__0WKVY0n8aE_155_160.wav,cough,1
audioset__2YF-ValJNas_0_5.wav,cough,1
audioset__9YKlnmoDjs_11_16.wav,cough,1
audioset__AjXY9cHCxA_150_155.wav,cough,1
audioset__bRM1wpEEdgI_0_5.wav,cough,1
audioset__eFuJQu5wPXM_0_5.wav,cough,1
audioset__HLvqHDclW8_210_215.wav,cough,1
audioset__hptdlGvSV4_10_15.wav,cough,1
audioset__NpU2_AfQL-8_0_5.wav,cough,1
audioset__o5xtnLwtRc_0_5.wav,cough,1
audioset__o5xtnLwtRc_5_10.wav,cough,1
audioset__p2YzwVFuTw4_0_5.wav,cough,1
audioset__qDSR5skY0c_75_80.wav,cough,1
audioset__TzZ0zRRaV0_8_13.wav,cough,1
audioset__Whw1v0fFkoI_0_5.wav,cough,1
audioset__zrAnhgYzSo_15_20.wav,cough,1
1-26143-A-21.wav,sneeze,2
1-29680-A-21.wav,sneeze,2
1-47273-A-21.wav,sneeze,2
1-47274-A-21.wav,sneeze,2
1-54505-A-21.wav,sneeze,2
1-59324-A-21.wav,sneeze,2
1-81883-A-21.wav,sneeze,2
2-109505-A-21.wav,sneeze,2
2-118104-A-21.wav,sneeze,2
2-119102-A-21.wav,sneeze,2
2-128631-A-21.wav,sneeze,2
2-130978-A-21.wav,sneeze,2
2-130979-A-21.wav,sneeze,2
2-82538-A-21.wav,sneeze,2
2-93030-A-21.wav,sneeze,2
3-141684-A-21.wav,sneeze,2
3-142601-A-21.wav,sneeze,2
3-142605-A-21.wav,sneeze,2
3-143119-A-21.wav,sneeze,2
3-144692-A-21.wav,sneeze,2
3-148330-A-21.wav,sneeze,2
3-150231-A-21.wav,sneeze,2
3-156558-A-21.wav,sneeze,2
4-156843-A-21.wav,sneeze,2
4-156844-A-21.wav,sneeze,2
4-157297-A-21.wav,sneeze,2
4-167642-A-21.wav,sneeze,2
4-171519-A-21.wav,sneeze,2
4-184434-A-21.wav,sneeze,2
4-185619-A-21.wav,sneeze,2
5-187979-A-21.wav,sneeze,2
5-194533-A-21.wav,sneeze,2
5-201274-A-21.wav,sneeze,2
5-202220-A-21.wav,sneeze,2
5-220026-A-21.wav,sneeze,2
5-220027-A-21.wav,sneeze,2
5-221518-A-21.wav,sneeze,2
5-221593-A-21.wav,sneeze,2
audioset_-4B1PkgXOMI_85_90.wav,sneeze,2
audioset_-9jpjShrNGs_25_30.wav,sneeze,2
audioset_-9Zv9-SqTU8_10_15.wav,sneeze,2
audioset_-BdPW1c_3_8_0_5.wav,sneeze,2
audioset_-FYbupIu_5A_23_28.wav,sneeze,2
audioset_-HQHnhqC7TE_50_55.wav,sneeze,2
audioset_-i-71_Sz8ic_3_8.wav,sneeze,2
audioset_-iNvaCbzWeg_260_265.wav,sneeze,2
audioset_-Ir0GZVOTQM_145_150.wav,sneeze,2
audioset_-J60og_pQtQ_0_5.wav,sneeze,2
audioset_-M9pYoMpqtg_0_5.wav,sneeze,2
audioset_-oxqoh8EgGw_30_35.wav,sneeze,2
audioset_-oxqoh8EgGw_35_40.wav,sneeze,2
audioset_-pip0hQKpJA_90_95.wav,sneeze,2
audioset_-RKs4NoVRms_30_35.wav,sneeze,2
audioset_-ZTXOjEwSD0_5_10.wav,sneeze,2
audioset_03l610T5nfY_400_405.wav,sneeze,2
audioset_0Dh4NhF27jc_140_145.wav,sneeze,2
audioset_0hHCTS_wSMg_40_45.wav,sneeze,2
audioset_0i3NoXuF1aQ_30_35.wav,sneeze,2
audioset_0i3NoXuF1aQ_35_40.wav,sneeze,2
audioset_0L3B0h26pPE_20_25.wav,sneeze,2
audioset_0tdPAVBzzOE_125_130.wav,sneeze,2
audioset_0UBf6Dv1lSY_15_20.wav,sneeze,2
audioset_0_-FtKP3LJg_80_85.wav,sneeze,2
audioset_0_FFqLukmHk_80_85.wav,sneeze,2
audioset_0_FFqLukmHk_85_90.wav,sneeze,2
audioset_14XSF2FAJSY_30_35.wav,sneeze,2
audioset_16r5GrlkEDk_95_100.wav,sneeze,2
audioset_1alQZjvWr38_35_40.wav,sneeze,2
audioset_1i2WMB_f6QY_160_165.wav,sneeze,2
audioset_1i2WMB_f6QY_165_170.wav,sneeze,2
audioset_1iRg-77XGa4_35_40.wav,sneeze,2
audioset_1mcylIPVwCk_35_40.wav,sneeze,2
audioset_1U8Y6VifI-M_55_60.wav,sneeze,2
audioset_1WZv0QnsEsw_10_15.wav,sneeze,2
audioset_2a0ZcVUlce0_85_90.wav,sneeze,2
audioset_2t5EhFE2nwE_45_50.wav,sneeze,2
audioset_2vzVWCwOn88_45_50.wav,sneeze,2
audioset_2ZxE0uMIfa0_10_15.wav,sneeze,2
audioset_3fLGgMB_EI8_10_15.wav,sneeze,2
audioset_3iPlzo1gZ9o_160_165.wav,sneeze,2
audioset_3iPlzo1gZ9o_165_170.wav,sneeze,2
audioset_3ItHVu-KT2k_25_30.wav,sneeze,2
audioset_3qvMTGVVcIY_200_205.wav,sneeze,2
audioset_3sj_-6uX3xk_30_35.wav,sneeze,2
audioset_3SNWqn6g2RY_190_195.wav,sneeze,2
audioset_4NQwssIImu0_0_5.wav,sneeze,2
audioset_5kldH6pXFSw_5_10.wav,sneeze,2
audioset_5sc1bi8BSmg_25_30.wav,sneeze,2
audioset_5zY_4mScers_15_20.wav,sneeze,2
audioset_68NBE04Mlws_140_145.wav,sneeze,2
audioset_6AMsLkMRNGY_190_195.wav,sneeze,2
audioset_6gLYUqCk2eM_45_50.wav,sneeze,2
audioset_6LPdD6Z5Dk8_0_5.wav,sneeze,2
audioset_6MfLQf7E8iE_0_5.wav,sneeze,2
audioset_7HyPWtYCrug_80_85.wav,sneeze,2
audioset_7ItYW-0XFo0_5_10.wav,sneeze,2
audioset_7rsOYTYjzjg_65_70.wav,sneeze,2
audioset_81xIktu7Nm8_25_30.wav,sneeze,2
audioset_84PbU_VUaq4_0_5.wav,sneeze,2
audioset_8714J5_siEY_50_55.wav,sneeze,2
audioset_8BMW3d-PQb0_5_10.wav,sneeze,2
audioset_8Cpu6HuZppw_50_55.wav,sneeze,2
audioset_8ozR29u3byg_335_340.wav,sneeze,2
audioset_8SRWgKxebS0_105_110.wav,sneeze,2
audioset_8UcjWvcJlS8_0_5.wav,sneeze,2
audioset_8UcjWvcJlS8_5_10.wav,sneeze,2
audioset_99g83CSiXeA_565_570.wav,sneeze,2
audioset_9B-MJsv5cO4_0_5.wav,sneeze,2
audioset_9jXSdGMjnN8_100_105.wav,sneeze,2
audioset_9Sc6odMfWo0_0_5.wav,sneeze,2
audioset_9Sc6odMfWo0_5_10.wav,sneeze,2
audioset_9SwqisZFZr8_30_35.wav,sneeze,2
audioset_9zNC2TiBZAI_100_105.wav,sneeze,2
audioset_9zNC2TiBZAI_105_110.wav,sneeze,2
audioset_A6Ib82-X4Es_25_30.wav,sneeze,2
audioset_A7XiChT3VPU_85_90.wav,sneeze,2
audioset_ACpISM8Yswc_5_10.wav,sneeze,2
audioset_AEnXd9SmBmA_270_275.wav,sneeze,2
audioset_AEnXd9SmBmA_275_280.wav,sneeze,2
audioset_Ahssgxq381s_35_40.wav,sneeze,2
audioset_aJJf0N75gpE_12_17.wav,sneeze,2
audioset_aJJf0N75gpE_7_12.wav,sneeze,2
audioset_ALDZ7l4FKvY_0_5.wav,sneeze,2
audioset_ALf9Vt1I8Rw_5_10.wav,sneeze,2
audioset_AMNRISdgMIs_100_105.wav,sneeze,2
audioset_AxQX6OAUQrI_18_23.wav,sneeze,2
audioset_AyA3U7KCzQk_30_35.wav,sneeze,2
audioset_ayf2mkxq-oQ_85_90.wav,sneeze,2
audioset_a_yMxQWDRHY_575_580.wav,sneeze,2
audioset_B-y2qgMJ9uE_10_15.wav,sneeze,2
audioset_B0Rje7Cj7W0_250_255.wav,sneeze,2
audioset_B0Rje7Cj7W0_255_260.wav,sneeze,2
audioset_b10cgSinv60_80_85.wav,sneeze,2
audioset_b3P2awI0fts_10_15.wav,sneeze,2
audioset_B4kDANvlfdk_0_5.wav,sneeze,2
audioset_bBY2G4YC_yU_25_30.wav,sneeze,2
audioset_BGP0jj1CKb0_435_440.wav,sneeze,2
audioset_BidOw_A5Y40_40_45.wav,sneeze,2
audioset_bncVwHln3dI_20_25.wav,sneeze,2
audioset_BOjpqGW3N-8_0_5.wav,sneeze,2
audioset_bp7Ge0rXDpI_40_45.wav,sneeze,2
audioset_bQOqX1W3ejA_30_35.wav,sneeze,2
audioset_bQOqX1W3ejA_35_40.wav,sneeze,2
audioset_btZueiIUUks_0_5.wav,sneeze,2
audioset_BXLBYcnutbM_35_40.wav,sneeze,2
audioset_B_NbORcMX0E_230_235.wav,sneeze,2
audioset_C1AYbkd29dU_0_5.wav,sneeze,2
audioset_c48dmIi6DPQ_125_130.wav,sneeze,2
audioset_c5_dcXud76w_80_85.wav,sneeze,2
audioset_cHVcIIECDvQ_0_5.wav,sneeze,2
audioset_cifwfYRsgmM_0_5.wav,sneeze,2
audioset_CNBNExwqjbs_15_20.wav,sneeze,2
audioset_COUvWfPU1PE_10_15.wav,sneeze,2
audioset_cSop0zTAmrU_30_35.wav,sneeze,2
audioset_cSop0zTAmrU_35_40.wav,sneeze,2
audioset_cXxTNMokBbQ_75_80.wav,sneeze,2
audioset_CZZNrpHh3UM_0_5.wav,sneeze,2
audioset_d0jt2Dh3wFo_190_195.wav,sneeze,2
audioset_D1JoR_yBXD4_30_35.wav,sneeze,2
audioset_d3NyGqjI1eo_0_5.wav,sneeze,2
audioset_d3NyGqjI1eo_5_10.wav,sneeze,2
audioset_daD9q2qZt10_70_75.wav,sneeze,2
audioset_daMTXI-4LnE_0_5.wav,sneeze,2
audioset_ddU-fOs6uYk_35_40.wav,sneeze,2
audioset_Diams1IbGBE_34_39.wav,sneeze,2
audioset_dmhmAfqxL7M_40_45.wav,sneeze,2
audioset_dU07X0Q3e14_70_75.wav,sneeze,2
audioset_DUkTlyAAhLc_0_5.wav,sneeze,2
audioset_dxlAZzCDkMc_20_25.wav,sneeze,2
audioset_dxmA1JhLnYI_230_235.wav,sneeze,2
audioset_DYNFsOV5rIk_45_50.wav,sneeze,2
audioset_E8cYv_4QvP8_250_255.wav,sneeze,2
audioset_e9MWXS34o48_40_45.wav,sneeze,2
audioset_EdVj7Hp2s1E_70_75.wav,sneeze,2
audioset_EdVj7Hp2s1E_75_80.wav,sneeze,2
audioset_Eg5qpG8obiI_415_420.wav,sneeze,2
audioset_eoEpvR59QCQ_35_40.wav,sneeze,2
audioset_Erib847YFwc_165_170.wav,sneeze,2
audioset_ew3H7ccYduo_50_55.wav,sneeze,2
audioset_EY9WIUNU1qw_0_5.wav,sneeze,2
audioset_FaM0Pj62xEs_35_40.wav,sneeze,2
audioset_fgy6oaMJNlk_105_110.wav,sneeze,2
audioset_fhwYluffwC4_115_120.wav,sneeze,2
audioset_fIer0uCLqSM_35_40.wav,sneeze,2
audioset_fIvj2yZLcVg_40_45.wav,sneeze,2
audioset_fjaiGld-EWg_270_275.wav,sneeze,2
audioset_FJYGjDZc86c_180_185.wav,sneeze,2
audioset_ForlLmlrpXA_75_80.wav,sneeze,2
audioset_fP0sXXRmJQI_35_40.wav,sneeze,2
audioset_FwufQ8XJOf4_22_27.wav,sneeze,2
audioset_fxhM5V7EaDY_130_135.wav,sneeze,2
audioset_G0fUcGxDHds_280_285.wav,sneeze,2
audioset_G7v8L0lWeT0_0_5.wav,sneeze,2
audioset_gc5BFxM6ptg_45_50.wav,sneeze,2
audioset_GcPvAbL3f5U_0_5.wav,sneeze,2
audioset_gDBxxY2VWy8_0_5.wav,sneeze,2
audioset_gk6_0RcFc0A_10_15.wav,sneeze,2
audioset_GP5IqOTtB34_5_10.wav,sneeze,2
audioset_GUe7-6bPe_s_1_6.wav,sneeze,2
audioset_gus1GHeS7IE_0_5.wav,sneeze,2
audioset_GwitHkHlTJU_190_195.wav,sneeze,2
audioset_GwitHkHlTJU_195_200.wav,sneeze,2
audioset_GXGIUzrzcTY_20_25.wav,sneeze,2
audioset_GXGIUzrzcTY_25_30.wav,sneeze,2
audioset_gY9rtF2vEOQ_25_30.wav,sneeze,2
audioset_gyF_tG0M9cM_10_15.wav,sneeze,2
audioset_h-MHYpYk5go_205_210.wav,sneeze,2
audioset_h2ZgzMe6pqc_60_65.wav,sneeze,2
audioset_HAljSOwE7zU_35_40.wav,sneeze,2
audioset_hC-QKCklsWM_40_45.wav,sneeze,2
audioset_hC-QKCklsWM_45_50.wav,sneeze,2
audioset_hd2yDnpnkUU_100_105.wav,sneeze,2
audioset_hdjEGRZDKEk_5_10.wav,sneeze,2
audioset_HEP2NPiZaG0_0_5.wav,sneeze,2
audioset_hgV30bUekek_0_5.wav,sneeze,2
audioset_hKbLIAEsMQE_15_20.wav,sneeze,2
audioset_Hkt24RT2RCI_65_70.wav,sneeze,2
audioset_HkyIJ52qIRU_25_30.wav,sneeze,2
audioset_HlV-Q9HSAwU_35_40.wav,sneeze,2
audioset_hNysx-WNVzY_165_170.wav,sneeze,2
audioset_hwUSReA7JOc_20_25.wav,sneeze,2
audioset_I-e7gIvSwdY_195_200.wav,sneeze,2
audioset_i8g4jROxGeM_430_435.wav,sneeze,2
audioset_IaM8pf_kwkY_115_120.wav,sneeze,2
audioset_IcFw1syQy8E_40_45.wav,sneeze,2
audioset_iDx8Q861iio_14_19.wav,sneeze,2
audioset_iFkPdioXnCQ_45_50.wav,sneeze,2
audioset_Ig1BY5XogIc_45_50.wav,sneeze,2
audioset_ii24sGs0oPY_140_145.wav,sneeze,2
audioset_ilrvvuXsr8U_30_35.wav,sneeze,2
audioset_ipKCHDizaQI_35_40.wav,sneeze,2
audioset_IRRdp1HCRKs_12_17.wav,sneeze,2
audioset_iYaQHovnw_c_265_270.wav,sneeze,2
audioset_IzYcX5sGEG4_0_5.wav,sneeze,2
audioset_IzYcX5sGEG4_5_10.wav,sneeze,2
audioset_jefOLgkpRDM_140_145.wav,sneeze,2
audioset_Jogry7CVLzA_7_12.wav,sneeze,2
audioset_JOwkfx95R3k_40_45.wav,sneeze,2
audioset_JpnO5QsHTBE_20_25.wav,sneeze,2
audioset_jQ8frK_A9uo_5_10.wav,sneeze,2
audioset_jvdrBF-3ybI_60_65.wav,sneeze,2
audioset_jvdrBF-3ybI_65_70.wav,sneeze,2
audioset_jxJh2KUReyQ_85_90.wav,sneeze,2
audioset_jYZ__Oi9V2U_8_13.wav,sneeze,2
audioset_K3VYL-HSE5U_265_270.wav,sneeze,2
audioset_k4IeljH1Leg_0_5.wav,sneeze,2
audioset_kASj4GYFWBE_115_120.wav,sneeze,2
audioset_kBDDVQyj778_25_30.wav,sneeze,2
audioset_kc_EQ3mPiG0_15_20.wav,sneeze,2
audioset_kdld9OsO-AA_50_55.wav,sneeze,2
audioset_kdtVWQiMC5M_95_100.wav,sneeze,2
audioset_ke8XEx0rmg8_5_10.wav,sneeze,2
audioset_KEc55hAC3t0_25_30.wav,sneeze,2
audioset_Kg7YdqBtqYc_0_5.wav,sneeze,2
audioset_kGStUSW6xpc_55_60.wav,sneeze,2
audioset_KKsltQhn-FE_330_335.wav,sneeze,2
audioset_Kn5NdDZgXlY_110_115.wav,sneeze,2
audioset_Kn5NdDZgXlY_115_120.wav,sneeze,2
audioset_koJfHVaTnhE_7_12.wav,sneeze,2
audioset_KS5VoimXZmE_85_90.wav,sneeze,2
audioset_kSNKKC3-d9w_155_160.wav,sneeze,2
audioset_kWc9LXvShF4_0_5.wav,sneeze,2
audioset_KyorpiOYtHU_30_35.wav,sneeze,2
audioset_KYXkh8Z9JVs_190_195.wav,sneeze,2
audioset_KZVVntxx99s_10_15.wav,sneeze,2
audioset_K_232aIkqLU_5_10.wav,sneeze,2
audioset_l7fSQ6fluVg_340_345.wav,sneeze,2
audioset_LBnR-4lRqY0_25_30.wav,sneeze,2
audioset_Le1gkBaZxJU_10_15.wav,sneeze,2
audioset_LEla9lcM_B4_295_300.wav,sneeze,2
audioset_LKTNNCtAurE_15_20.wav,sneeze,2
audioset_lN6H0_PqKME_10_15.wav,sneeze,2
audioset_lPNdEHrByNc_85_90.wav,sneeze,2
audioset_lQyxQP-e4lg_315_320.wav,sneeze,2
audioset_lSpJBDT-vsg_145_150.wav,sneeze,2
audioset_lsxKT442lio_70_75.wav,sneeze,2
audioset_L_ef3cFnySg_85_90.wav,sneeze,2
audioset_m3MbWYWyH7U_5_10.wav,sneeze,2
audioset_M8CTQjgZtaY_65_70.wav,sneeze,2
audioset_mCcYIWOjOw0_40_45.wav,sneeze,2
audioset_mgyUhDNFMdY_20_25.wav,sneeze,2
audioset_mJ6ZO3xEcgw_55_60.wav,sneeze,2
audioset_MJFQUlHQvBw_390_395.wav,sneeze,2
audioset_mNMSKsALFUI_170_175.wav,sneeze,2
audioset_mNxDSslUFqk_5_10.wav,sneeze,2
audioset_MNxv-JZEncE_25_30.wav,sneeze,2
audioset_moCH4rpHk78_30_35.wav,sneeze,2
audioset_MPUShjrdzow_35_40.wav,sneeze,2
audioset_mSQhRUdtpvg_70_75.wav,sneeze,2
audioset_mUvMGoyCiyI_305_310.wav,sneeze,2
audioset_MvqUmfD92AE_0_5.wav,sneeze,2
audioset_MY7884k39ic_30_35.wav,sneeze,2
audioset_myd5Ug6s58I_0_5.wav,sneeze,2
audioset_MzUNI-gVR3w_3_8.wav,sneeze,2
audioset_N1N9p0eDqz8_0_5.wav,sneeze,2
audioset_N1N9p0eDqz8_5_10.wav,sneeze,2
audioset_n5Q_FOemA6c_125_130.wav,sneeze,2
audioset_N7sZfsZ8B_U_30_35.wav,sneeze,2
audioset_nfHmIpSinQg_35_40.wav,sneeze,2
audioset_nHCxr8xI2uQ_35_40.wav,sneeze,2
audioset_nIt_5ZQiwMk_5_10.wav,sneeze,2
audioset_nJMJVcxsJB4_40_45.wav,sneeze,2
audioset_nLNDDEHS-QM_60_65.wav,sneeze,2
audioset_nO9MefLkKv4_45_50.wav,sneeze,2
audioset_NQ7e-hury64_20_25.wav,sneeze,2
audioset_nvmaZvWU-tA_50_55.wav,sneeze,2
audioset_o1_a6CNkUUU_0_5.wav,sneeze,2
audioset_O5fU7Nm1a1E_175_180.wav,sneeze,2
audioset_o7ayD1pTD1M_20_25.wav,sneeze,2
audioset_Ob5hl2zrekU_85_90.wav,sneeze,2
audioset_oG_QgFX67q4_30_35.wav,sneeze,2
audioset_Osr4Sfb97xs_65_70.wav,sneeze,2
audioset_owhkAjFtj74_130_135.wav,sneeze,2
audioset_oxeR6ceNu-g_30_35.wav,sneeze,2
audioset_oy_M2hSOjOU_0_5.wav,sneeze,2
audioset_P0qdfWHsze4_135_140.wav,sneeze,2
audioset_P9gPkkClKDg_0_5.wav,sneeze,2
audioset_pcVQ37PIDak_45_50.wav,sneeze,2
audioset_PdbjVujqBTM_95_100.wav,sneeze,2
audioset_PEwdwPbvaPw_15_20.wav,sneeze,2
audioset_Ph2SI18iz7o_10_15.wav,sneeze,2
audioset_pIXUMUwAv5A_210_215.wav,sneeze,2
audioset_PjK77Fekmnc_125_130.wav,sneeze,2
audioset_POuwmmFMvE0_190_195.wav,sneeze,2
audioset_pz5mX3FeDgc_140_145.wav,sneeze,2
audioset_Q-BnM0ChaUc_75_80.wav,sneeze,2
audioset_Q0iv7pzeJkw_20_25.wav,sneeze,2
audioset_q7VTvdJEVew_90_95.wav,sneeze,2
audioset_qAbZRllv_EY_90_95.wav,sneeze,2
audioset_qaQ9ldqWB5k_165_170.wav,sneeze,2
audioset_qAvU8EsE1k8_20_25.wav,sneeze,2
audioset_qCf6y5SiqMU_30_35.wav,sneeze,2
audioset_qEv7NBFezUA_20_25.wav,sneeze,2
audioset_Qg5fVlHfok4_90_95.wav,sneeze,2
audioset_qgUvp5rva50_75_80.wav,sneeze,2
audioset_qPp2onMDFrI_10_15.wav,sneeze,2
audioset_qQdEVtjWgOQ_140_145.wav,sneeze,2
audioset_qUFS-Xc7EA8_120_125.wav,sneeze,2
audioset_QxG3N_sM2FY_85_90.wav,sneeze,2
audioset_QZeYprvWo10_29_34.wav,sneeze,2
audioset_R7X7RVx2HIg_5_10.wav,sneeze,2
audioset_rbaFjiHkFcY_190_195.wav,sneeze,2
audioset_RCHpZjtI9P0_15_20.wav,sneeze,2
audioset_rgarDvl7gsk_85_90.wav,sneeze,2
audioset_RHXKtt2TA0o_235_240.wav,sneeze,2
audioset_rIekCMvyCBc_240_245.wav,sneeze,2
audioset_rVq-Q9pzwoY_5_10.wav,sneeze,2
audioset_Ryt-xkB5HgA_0_5.wav,sneeze,2
audioset_S7jgiOhGJl4_110_115.wav,sneeze,2
audioset_s7RCYuGAh6w_10_15.wav,sneeze,2
audioset_S88jvHHCrGY_275_280.wav,sneeze,2
audioset_SbDe7r2EnGE_130_135.wav,sneeze,2
audioset_sCu07T0Pz1g_170_175.wav,sneeze,2
audioset_SmtEawVCdb8_0_5.wav,sneeze,2
audioset_sZ29AZCjWTE_65_70.wav,sneeze,2
audioset_T7AsgidnuDQ_45_50.wav,sneeze,2
audioset_T9kvLiFIskA_45_50.wav,sneeze,2
audioset_tAJ5i3TiTTA_25_30.wav,sneeze,2
audioset_TIRBtCrHGbE_0_5.wav,sneeze,2
audioset_TIRBtCrHGbE_5_10.wav,sneeze,2
audioset_TkPJV7B4bcU_110_115.wav,sneeze,2
audioset_TL45DOjD114_20_25.wav,sneeze,2
audioset_tPmmB8jSuSY_15_20.wav,sneeze,2
audioset_TqL05mLeKyI_35_40.wav,sneeze,2
audioset_TuIQg2cJqAs_0_5.wav,sneeze,2
audioset_TWy3w5jSibY_90_95.wav,sneeze,2
audioset_TW_xH5uDsKA_0_5.wav,sneeze,2
audioset_tzJ6VTuoAVQ_75_80.wav,sneeze,2
audioset_U43DHWcO8qQ_10_15.wav,sneeze,2
audioset_u4N61XkG6lo_5_10.wav,sneeze,2
audioset_U6jCn0moNfQ_55_60.wav,sneeze,2
audioset_ucdBtOjaNP8_120_125.wav,sneeze,2
audioset_UcqhgfnTRTg_100_105.wav,sneeze,2
audioset_UfDMRdxbvXY_95_100.wav,sneeze,2
audioset_uwtac6bED4U_120_125.wav,sneeze,2
audioset_uz1GTTIQ2J8_300_305.wav,sneeze,2
audioset_V1ex4XKHlWw_10_15.wav,sneeze,2
audioset_vDpxvzrSCLc_25_30.wav,sneeze,2
audioset_VFOo96mZMQU_20_25.wav,sneeze,2
audioset_vGReKpeMAtA_10_15.wav,sneeze,2
audioset_VlOlPTnmUqc_5_10.wav,sneeze,2
audioset_VOX5RKZLipo_140_145.wav,sneeze,2
audioset_VoyZ8YDAU8E_80_85.wav,sneeze,2
audioset_VQeu9Bg30GQ_50_55.wav,sneeze,2
audioset_Vt3tiFJT24I_260_265.wav,sneeze,2
audioset_vZUVj_NLDP8_50_55.wav,sneeze,2
audioset_v_2W9FT2N4c_100_105.wav,sneeze,2
audioset_V_AHKVq1VDs_50_55.wav,sneeze,2
audioset_v_v7331CUds_165_170.wav,sneeze,2
audioset_w0gnPQyuv1I_250_255.wav,sneeze,2
audioset_w4zTqDwOfxw_200_205.wav,sneeze,2
audioset_Wboy4NbkTuk_85_90.wav,sneeze,2
audioset_wJ0WZIfOODQ_10_15.wav,sneeze,2
audioset_wjRM2hWToNU_31_36.wav,sneeze,2
audioset_WNJ5KMkYMGc_10_15.wav,sneeze,2
audioset_WOw58P6Mfro_125_130.wav,sneeze,2
audioset_wxIEZMiWlOI_160_165.wav,sneeze,2
audioset_XCYPLkfe86E_435_440.wav,sneeze,2
audioset_Xelw0loJWDI_70_75.wav,sneeze,2
audioset_Xf_FHuLz61M_75_80.wav,sneeze,2
audioset_xQTIokRwwI0_230_235.wav,sneeze,2
audioset_XV5aD-fBV8o_55_60.wav,sneeze,2
audioset_XwxUttSEoQ8_25_30.wav,sneeze,2
audioset_y9_9tveI1OY_100_105.wav,sneeze,2
audioset_yAAxjVbx2qc_0_5.wav,sneeze,2
audioset_YAG24SALwsk_0_5.wav,sneeze,2
audioset_yDhzvorXu9s_320_325.wav,sneeze,2
audioset_ydUFuPK1uDI_5_10.wav,sneeze,2
audioset_YLJM3qB9FMY_35_40.wav,sneeze,2
audioset_yMoaeH1f_po_80_85.wav,sneeze,2
audioset_YNF6ORjLqEo_5_10.wav,sneeze,2
audioset_YSh9v0ELR8U_10_15.wav,sneeze,2
audioset_yU600z8BpSE_180_185.wav,sneeze,2
audioset_zDQu3XCdgPw_190_195.wav,sneeze,2
audioset_zgefPi_YgfY_60_65.wav,sneeze,2
audioset_ZHxLcQljPw4_10_15.wav,sneeze,2
audioset_ZMgeeF02MsM_5_10.wav,sneeze,2
audioset_ZPiDsDdGdrM_20_25.wav,sneeze,2
audioset_ZqWLgEPKTWI_120_125.wav,sneeze,2
audioset_zShAHG-PyCI_25_30.wav,sneeze,2
audioset_zSLrutxq_Yw_440_445.wav,sneeze,2
audioset_ZV0PYGFF0JI_150_155.wav,sneeze,2
audioset_ZZSLqK9Z_KY_175_180.wav,sneeze,2
audioset__9M9mky9qb-8_0_5.wav,sneeze,2
audioset__D3sxdtbFas_40_45.wav,sneeze,2
audioset__dfcXBTcmqU_70_75.wav,sneeze,2
audioset__Fj6Jwz6XDs_80_85.wav,sneeze,2
audioset__Gk7HJmpw4Y_75_80.wav,sneeze,2
audioset__iLZB3eA2gM_0_5.wav,sneeze,2
audioset__kUsYtNWM1A_45_50.wav,sneeze,2
audioset__LLQvb2xAtg_45_50.wav,sneeze,2
audioset__ouSjun1DuXw_0_5.wav,sneeze,2
audioset__TXc9-Qitpk_45_50.wav,sneeze,2
audioset__xM6pgvR2AA_155_160.wav,sneeze,2
audioset_-21_SXelVNo_30_35.wav,other,3
audioset_-21_SXelVNo_35_40.wav,other,3
audioset_-4B1PkgXOMI_80_85.wav,other,3
audioset_-9Zv9-SqTU8_15_20.wav,other,3
audioset_-BcwR0CSZ4w_150_155.wav,other,3
audioset_-BcwR0CSZ4w_155_160.wav,other,3
audioset_-bVCz4EQWR8_6_11.wav,other,3
audioset_-CwXrwgVffM_30_35.wav,other,3
audioset_-FW109cbv0g_30_35.wav,other,3
audioset_-FW109cbv0g_35_40.wav,other,3
audioset_0-8Ht8OvuII_35_40.wav,other,3
audioset_03l610T5nfY_405_410.wav,other,3
audioset_05YBpmCnoOQ_50_55.wav,other,3
audioset_06YwLqlR1Jc_60_65.wav,other,3
audioset_0D3I6ZS2Im0_5_10.wav,other,3
audioset_0EaxcUhZWe8_40_45.wav,other,3
audioset_0EaxcUhZWe8_45_50.wav,other,3
audioset_0ey3c39Vll8_85_90.wav,other,3
audioset_0iiwZ2_9Vi8_90_95.wav,other,3
audioset_0j9qI0sYEUE_115_120.wav,other,3
audioset_0k6KjLouAHs_30_35.wav,other,3
audioset_0L3B0h26pPE_25_30.wav,other,3
audioset_0lKLzK9c5cM_18_23.wav,other,3
audioset_0mZQ6Q-viPw_15_20.wav,other,3
audioset_0OLpIiSBlfc_65_70.wav,other,3
audioset_0oUkEze_kmo_35_40.wav,other,3
audioset_0p1GeiDB1e4_170_175.wav,other,3
audioset_0q318QSI80U_8_13.wav,other,3
audioset_0qCvekeAHkc_210_215.wav,other,3
audioset_0QOYirw4e3I_275_280.wav,other,3
audioset_0qUXJz4HH_E_10_15.wav,other,3
audioset_0qUXJz4HH_E_15_20.wav,other,3
audioset_0RHanEAYBlg_60_65.wav,other,3
audioset_0uEZjp0UE0E_180_185.wav,other,3
audioset_0UKv333EMPM_230_235.wav,other,3
audioset_0WPDmbAui6k_0_5.wav,other,3
audioset_0Y2yEMQZFYY_45_50.wav,other,3
audioset_0ZPTqp1E3J4_16_21.wav,other,3
audioset_0Zy7XmVng_E_0_5.wav,other,3
audioset_0_ZF9vT5B-s_15_20.wav,other,3
audioset_12YUCpABE9Q_5_10.wav,other,3
audioset_14qo-R5Veog_35_40.wav,other,3
audioset_15q4pZLAEtg_100_105.wav,other,3
audioset_16r5GrlkEDk_90_95.wav,other,3
audioset_1AUgCj-xjt8_80_85.wav,other,3
audioset_1AUgCj-xjt8_85_90.wav,other,3
audioset_1CXtcj-UkFM_30_35.wav,other,3
audioset_1eBrdIZbNJg_35_40.wav,other,3
audioset_1mcylIPVwCk_30_35.wav,other,3
audioset_1nGKDBEh3rs_70_75.wav,other,3
audioset_1nGKDBEh3rs_75_80.wav,other,3
audioset_1Np_QsrCsjk_30_35.wav,other,3
audioset_1Np_QsrCsjk_35_40.wav,other,3
audioset_1V1gL3SbuLI_400_405.wav,other,3
audioset_1V1gL3SbuLI_405_410.wav,other,3
audioset_2BxY32GiQt8_425_430.wav,other,3
audioset_2B_QV_5R4Zo_15_20.wav,other,3
audioset_2EFjQPMmAS8_0_5.wav,other,3
audioset_2IsgfovbWC4_10_15.wav,other,3
audioset_2n_EYeAf0Es_185_190.wav,other,3
audioset_2PXcJCAVf38_35_40.wav,other,3
audioset_2Q70W3iafb0_0_5.wav,other,3
audioset_2R3J8pH6E6s_25_30.wav,other,3
audioset_2sMLoW22TeU_5_10.wav,other,3
audioset_2tgV8Eaz9-U_370_375.wav,other,3
audioset_2vzVWCwOn88_40_45.wav,other,3
audioset_2ZfwEg4JaiU_0_5.wav,other,3
audioset_31tnXPlhA7w_30_35.wav,other,3
audioset_31tnXPlhA7w_35_40.wav,other,3
audioset_33NSh9cvNvI_50_55.wav,other,3
audioset_39IZIbmQPzA_40_45.wav,other,3
audioset_39IZIbmQPzA_45_50.wav,other,3
audioset_3bas_0f3RG0_55_60.wav,other,3
audioset_3dndmOMZlP8_105_110.wav,other,3
audioset_3edp1qAhLB0_45_50.wav,other,3
audioset_3fz-0wek44c_0_5.wav,other,3
audioset_3fzEd7OUSPw_95_100.wav,other,3
audioset_3IEwwlZE3fQ_585_590.wav,other,3
audioset_3ju9A5iJbo8_35_40.wav,other,3
audioset_3lasyHceYLo_33_38.wav,other,3
audioset_3mx_t956_6s_5_10.wav,other,3
audioset_3NRA3-STV40_25_30.wav,other,3
audioset_3qvMTGVVcIY_205_210.wav,other,3
audioset_3SNWqn6g2RY_195_200.wav,other,3
audioset_3x70QeKwwQ8_5_10.wav,other,3
audioset_3ZKCn4nJ144_0_5.wav,other,3
audioset_3ZKCn4nJ144_5_10.wav,other,3
audioset_44nJyshuBYk_20_25.wav,other,3
audioset_47D5SmqUOZY_105_110.wav,other,3
audioset_4cq7ZfB-moA_0_5.wav,other,3
audioset_4D0eP3Cwfbg_10_15.wav,other,3
audioset_4D7lyuJcwcc_0_5.wav,other,3
audioset_4K6GbEsq0xk_20_25.wav,other,3
audioset_4K6GbEsq0xk_25_30.wav,other,3
audioset_4K7j41NMsoI_15_20.wav,other,3
audioset_4K946lkrL9U_30_35.wav,other,3
audioset_4KpwXsjUJ7g_20_25.wav,other,3
audioset_4KpwXsjUJ7g_25_30.wav,other,3
audioset_4kQGVksBzfw_5_10.wav,other,3
audioset_4lOXjW8rpxU_5_10.wav,other,3
audioset_4txOUgXllWE_300_305.wav,other,3
audioset_4WkuPkkSCG0_100_105.wav,other,3
audioset_4yx_l1QFrzw_280_285.wav,other,3
audioset_4yx_l1QFrzw_285_290.wav,other,3
audioset_4_0uUL2HPe0_0_5.wav,other,3
audioset_53YZHGaDdFI_50_55.wav,other,3
audioset_53YZHGaDdFI_55_60.wav,other,3
audioset_56fOJ4kJuQE_80_85.wav,other,3
audioset_57ayezabARg_370_375.wav,other,3
audioset_5905FxXz9dI_35_40.wav,other,3
audioset_5CCAZ8-BEec_80_85.wav,other,3
audioset_5EjuyYPWKeE_35_40.wav,other,3
audioset_5fE-mL6Mi-c_170_175.wav,other,3
audioset_5j1mxeahBRQ_215_220.wav,other,3
audioset_5kAWlNZ-I_I_35_40.wav,other,3
audioset_5nx9xUVXASM_225_230.wav,other,3
audioset_5QBD2P6yCo8_215_220.wav,other,3
audioset_5rpxmjeFtgE_30_35.wav,other,3
audioset_5rSpIXAOjgk_55_60.wav,other,3
audioset_5sc1bi8BSmg_20_25.wav,other,3
audioset_5sppEjj4C40_15_20.wav,other,3
audioset_5uwrCy_eG9Q_180_185.wav,other,3
audioset_5vl9c7LF4t4_35_40.wav,other,3
audioset_5wbc84KnDS0_60_65.wav,other,3
audioset_5wwFFsLuRcQ_190_195.wav,other,3
audioset_5wwFFsLuRcQ_195_200.wav,other,3
audioset_5zYoC56oc90_0_5.wav,other,3
audioset_5_DzTpw9Kec_5_10.wav,other,3
audioset_67qsV5HmU88_9_14.wav,other,3
audioset_6AMsLkMRNGY_195_200.wav,other,3
audioset_6gLYUqCk2eM_40_45.wav,other,3
audioset_6GXEfncDqUg_11_16.wav,other,3
audioset_6J9XeiKqzw0_18_23.wav,other,3
audioset_6J9XeiKqzw0_23_28.wav,other,3
audioset_6t0W9hVZyaM_30_35.wav,other,3
audioset_6xcgbMYelUU_20_25.wav,other,3
audioset_6yYCjyan-VY_20_25.wav,other,3
audioset_6yYCjyan-VY_25_30.wav,other,3
audioset_6Z7IOl3vBqc_40_45.wav,other,3
audioset_707CXFQe114_5_10.wav,other,3
audioset_7bykeY3N-xs_11_16.wav,other,3
audioset_7fjp0mDsxSs_95_100.wav,other,3
audioset_7ILhdqz-BgI_20_25.wav,other,3
audioset_7K2vzvM34gY_65_70.wav,other,3
audioset_7qO5xLxWdZs_7_12.wav,other,3
audioset_7u0GGjaKPhQ_0_5.wav,other,3
audioset_7XMDKZQ0GKw_95_100.wav,other,3
audioset_7Y93xBpK1oI_100_105.wav,other,3
audioset_7zoRO-NQHoU_35_40.wav,other,3
audioset_8-dFMZU3bKo_225_230.wav,other,3
audioset_827m22F9UOo_120_125.wav,other,3
audioset_827m22F9UOo_125_130.wav,other,3
audioset_82AH3rqGLBI_40_45.wav,other,3
audioset_8714J5_siEY_55_60.wav,other,3
audioset_8BMW3d-PQb0_0_5.wav,other,3
audioset_8FXX56zpypA_30_35.wav,other,3
audioset_8JmnE2C3Mqw_0_5.wav,other,3
audioset_8N5XxcJ7QOU_25_30.wav,other,3
audioset_8nduqNxARvQ_3_8.wav,other,3
audioset_8ozR29u3byg_330_335.wav,other,3
audioset_8Qd-4VM9Ox0_50_55.wav,other,3
audioset_8qwSJsL781E_20_25.wav,other,3
audioset_8qwSJsL781E_25_30.wav,other,3
audioset_8QzudUB8SMk_5_10.wav,other,3
audioset_8SRWgKxebS0_100_105.wav,other,3
audioset_8yDeG7e1-9I_10_15.wav,other,3
audioset_8YYeGsOzwQ0_35_40.wav,other,3
audioset_91Dzp-CQnSs_320_325.wav,other,3
audioset_95leyynr56A_325_330.wav,other,3
audioset_96ey8FQVfUY_15_20.wav,other,3
audioset_99g83CSiXeA_560_565.wav,other,3
audioset_9CySoIcqhE4_30_35.wav,other,3
audioset_9k1ZuVzpF7c_45_50.wav,other,3
audioset_9NDns7JDb4Y_135_140.wav,other,3
audioset_9RjZr8V8PNY_120_125.wav,other,3
audioset_9TaetitttZ8_0_5.wav,other,3
audioset_9WbIa8U8twQ_270_275.wav,other,3
audioset_9Wwpy5YvSZU_30_35.wav,other,3
audioset_9Zl88j-rpNo_150_155.wav,other,3
audioset_A-E7TsAkUT4_15_20.wav,other,3
audioset_A5LNrdkqYlw_175_180.wav,other,3
audioset_a5suicQUpuI_85_90.wav,other,3
audioset_A7H5hYSZQkM_170_175.wav,other,3
audioset_a7HQfWUQepQ_265_270.wav,other,3
audioset_a7pQz-qssG4_30_35.wav,other,3
audioset_A7qS6N7Nf1w_75_80.wav,other,3
audioset_aAbdei_9yNE_22_27.wav,other,3
audioset_abSLhN9TLEw_300_305.wav,other,3
audioset_aC09lsqGxQk_30_35.wav,other,3
audioset_acGYSVFY7U0_145_150.wav,other,3
audioset_afZYUWyx4S8_425_430.wav,other,3
audioset_AgJg2gVUcTg_10_15.wav,other,3
audioset_Ahhba-EM4nI_5_10.wav,other,3
audioset_Ahssgxq381s_30_35.wav,other,3
audioset_aHXJqoRkUF0_90_95.wav,other,3
audioset_aiojV7s3hv0_50_55.wav,other,3
audioset_akiBCisKkkw_580_585.wav,other,3
audioset_ALDZ7l4FKvY_5_10.wav,other,3
audioset_AN60q9nSnMk_35_40.wav,other,3
audioset_AnFLES8rJfw_10_15.wav,other,3
audioset_AOKeCClythw_0_5.wav,other,3
audioset_AOKeCClythw_5_10.wav,other,3
audioset_aPK7X-vq9HU_70_75.wav,other,3
audioset_aPN-7CnRjxo_65_70.wav,other,3
audioset_aRe7NvGw3V0_9_14.wav,other,3
audioset_aTHVNwrEVxI_130_135.wav,other,3
audioset_awnFfrkQwB0_5_10.wav,other,3
audioset_AxQX6OAUQrI_13_18.wav,other,3
audioset_AyA3U7KCzQk_35_40.wav,other,3
audioset_AyA60Rbu-Cw_215_220.wav,other,3
audioset_A_oB2rpSbFE_175_180.wav,other,3
audioset_A_X7MJxnuL4_35_40.wav,other,3
audioset_b0qNniklhsY_5_10.wav,other,3
audioset_b10cgSinv60_85_90.wav,other,3
audioset_B4kDANvlfdk_5_10.wav,other,3
audioset_B4roAdDMa94_5_10.wav,other,3
audioset_B8dq3Zi_NDA_30_35.wav,other,3
audioset_B8dq3Zi_NDA_35_40.wav,other,3
audioset_Ba9r8flwevI_13_18.wav,other,3
audioset_bbbKtEqT5ZM_10_15.wav,other,3
audioset_BBdwfm_jsns_35_40.wav,other,3
audioset_BCVtKBBhWaE_405_410.wav,other,3
audioset_Bd1ew7c6xwM_280_285.wav,other,3
audioset_Bd1ew7c6xwM_285_290.wav,other,3
audioset_BDrbBzzJ3hg_210_215.wav,other,3
audioset_BDrbBzzJ3hg_215_220.wav,other,3
audioset_bEah4B4VQwg_10_15.wav,other,3
audioset_BeugJrSJbW8_160_165.wav,other,3
audioset_BeugJrSJbW8_165_170.wav,other,3
audioset_BFCjepV6q5Q_1_6.wav,other,3
audioset_BFCjepV6q5Q_6_11.wav,other,3
audioset_BfTVQCP3Zyk_30_35.wav,other,3
audioset_bHrcxPKU4A4_25_30.wav,other,3
audioset_BIiDhrGUzzI_25_30.wav,other,3
audioset_BLZw2_PhyJk_35_40.wav,other,3
audioset_bncVwHln3dI_25_30.wav,other,3
audioset_BOZ18ukfOW8_60_65.wav,other,3
audioset_BOZ18ukfOW8_65_70.wav,other,3
audioset_BP7V4MBMekQ_5_10.wav,other,3
audioset_BPGZsM5gWO4_35_40.wav,other,3
audioset_BpytplmLtzE_225_230.wav,other,3
audioset_BqK5GsVPpB8_0_5.wav,other,3
audioset_brmsaXDI7YA_80_85.wav,other,3
audioset_brmsaXDI7YA_85_90.wav,other,3
audioset_BSOoWjmtLdg_10_15.wav,other,3
audioset_bSRQuHPHXf4_75_80.wav,other,3
audioset_BsuzDDKiJ7Q_10_15.wav,other,3
audioset_BsuzDDKiJ7Q_15_20.wav,other,3
audioset_bT3B5ZIAYqQ_495_500.wav,other,3
audioset_bUVN9Frr6gE_480_485.wav,other,3
audioset_BWfsqYJSCAA_20_25.wav,other,3
audioset_bxiE_j1ooc8_110_115.wav,other,3
audioset_bxiE_j1ooc8_115_120.wav,other,3
audioset_bXUxZ-wWlk0_570_575.wav,other,3
audioset_by-9GsID7bo_160_165.wav,other,3
audioset_c3UaeG-42TE_5_10.wav,other,3
audioset_c48dmIi6DPQ_120_125.wav,other,3
audioset_C5QxHyI1GBc_520_525.wav,other,3
audioset_c6qt2qEmzH0_65_70.wav,other,3
audioset_ceHh3qPXrrc_80_85.wav,other,3
audioset_cfRNCeu1azs_230_235.wav,other,3
audioset_cHy3iSK7k8U_10_15.wav,other,3
audioset_CIiZFckAT5M_0_5.wav,other,3
audioset_CJ_jV1l19IQ_310_315.wav,other,3
audioset_CJ_jV1l19IQ_315_320.wav,other,3
audioset_Ck8OHNOBlSc_30_35.wav,other,3
audioset_Ck8OHNOBlSc_35_40.wav,other,3
audioset_cKMrfUUBh-o_45_50.wav,other,3
audioset_cK_hw1SsdEM_15_20.wav,other,3
audioset_cl4hzarjGhk_5_10.wav,other,3
audioset_cl5Bt-rqtZ4_55_60.wav,other,3
audioset_cN2hPN5zAAQ_500_505.wav,other,3
audioset_CO1M63tvnrw_35_40.wav,other,3
audioset_cP337bGpQoE_45_50.wav,other,3
audioset_cQVbXeuLmRg_20_25.wav,other,3
audioset_CRwYpw_EMI0_8_13.wav,other,3
audioset_CsNTOw4LTBw_105_110.wav,other,3
audioset_cT569hiKSAE_35_40.wav,other,3
audioset_cTxs2Ew0RTE_45_50.wav,other,3
audioset_CUiajtjBXHM_30_35.wav,other,3
audioset_cV1LtKXsZUo_10_15.wav,other,3
audioset_cV1LtKXsZUo_15_20.wav,other,3
audioset_cVthqUjoiT0_35_40.wav,other,3
audioset_Cwt7hCUOCDY_35_40.wav,other,3
audioset_Cy9ViTff3Zc_90_95.wav,other,3
audioset_Cy9ViTff3Zc_95_100.wav,other,3
audioset_D-_GFVkaRgg_0_5.wav,other,3
audioset_D-_GFVkaRgg_5_10.wav,other,3
audioset_D1FG_2cv9L8_5_10.wav,other,3
audioset_D2KAfYEyrFE_30_35.wav,other,3
audioset_d2WcEl5PHvw_95_100.wav,other,3
audioset_d3xGu7Y94Ao_30_35.wav,other,3
audioset_d8uN-RdaPSs_20_25.wav,other,3
audioset_Dbx9MO2Tk1I_80_85.wav,other,3
audioset_dcPIGsnBYKg_10_15.wav,other,3
audioset_DdaaH8BbQfc_195_200.wav,other,3
audioset_de0ZaOO4mdw_380_385.wav,other,3
audioset_de0ZaOO4mdw_385_390.wav,other,3
audioset_dEGVz_hbX5U_105_110.wav,other,3
audioset_dFsBHaRghCU_30_35.wav,other,3
audioset_DFwqGyqU7k8_235_240.wav,other,3
audioset_Diams1IbGBE_29_34.wav,other,3
audioset_Dm5uh9TB-B0_20_25.wav,other,3
audioset_DMzKYjyr-i8_35_40.wav,other,3
audioset_dnFR6NDZCbk_0_5.wav,other,3
audioset_dnFR6NDZCbk_5_10.wav,other,3
audioset_DOGlFJ8LIhY_20_25.wav,other,3
audioset_DqTWgefdYz8_95_100.wav,other,3
audioset_DRGGKJzKy6Y_60_65.wav,other,3
audioset_DRGGKJzKy6Y_65_70.wav,other,3
audioset_dRsxH6oedM4_105_110.wav,other,3
audioset_drszwnUkGQg_70_75.wav,other,3
audioset_dSaIAE6VtuY_105_110.wav,other,3
audioset_dTHTe-eAoRU_55_60.wav,other,3
audioset_dtuhGj7owcg_0_5.wav,other,3
audioset_dtuhGj7owcg_5_10.wav,other,3
audioset_dU5HKK7V3wk_30_35.wav,other,3
audioset_dUFlhQxWr5E_125_130.wav,other,3
audioset_DUkTlyAAhLc_5_10.wav,other,3
audioset_dwCBZu6XAQ8_30_35.wav,other,3
audioset_dwCBZu6XAQ8_35_40.wav,other,3
audioset_dx0JBSCuHSs_0_5.wav,other,3
audioset_dxlAZzCDkMc_25_30.wav,other,3
audioset_dXM1JnYck98_30_35.wav,other,3
audioset_DXUmi-gSRww_15_20.wav,other,3
audioset_DYNFsOV5rIk_40_45.wav,other,3
audioset_DYy-2zWKGVU_100_105.wav,other,3
audioset_DYy-2zWKGVU_105_110.wav,other,3
audioset_d_BRdG1JOAA_30_35.wav,other,3
audioset_E3-LtGM4b1U_25_30.wav,other,3
audioset_E4oZcZnb2Y0_80_85.wav,other,3
audioset_E5guDHgn7XQ_45_50.wav,other,3
audioset_e6Ntg2k0ZDQ_345_350.wav,other,3
audioset_e6TTk8BAQFA_390_395.wav,other,3
audioset_e81I3_sSUe8_260_265.wav,other,3
audioset_E9P8A5Rvtzk_0_5.wav,other,3
audioset_EakI8v4Ztt4_30_35.wav,other,3
audioset_eAS16z7mRdk_110_115.wav,other,3
audioset_ecMjGuuS1Lo_45_50.wav,other,3
audioset_eDgefV8lViM_30_35.wav,other,3
audioset_eDgefV8lViM_35_40.wav,other,3
audioset_EduyXGoXoB4_30_35.wav,other,3
audioset_EFLSw2wF1hc_50_55.wav,other,3
audioset_eFMExkx5v0Y_30_35.wav,other,3
audioset_EHkkma0y1T8_30_35.wav,other,3
audioset_EHkkma0y1T8_35_40.wav,other,3
audioset_EI2id_bpuic_45_50.wav,other,3
audioset_eKSWfedlOOs_22_27.wav,other,3
audioset_elI4D4yP57Y_70_75.wav,other,3
audioset_elI4D4yP57Y_75_80.wav,other,3
audioset_ELwtmZ0y0PI_7_12.wav,other,3
audioset_eN5Qa2N1a8k_160_165.wav,other,3
audioset_eN5Qa2N1a8k_165_170.wav,other,3
audioset_eoEpvR59QCQ_30_35.wav,other,3
audioset_EPPtl4PF7CM_35_40.wav,other,3
audioset_EqG_E-eFov4_35_40.wav,other,3
audioset_EQzYcBJ1Dec_100_105.wav,other,3
audioset_EskwVxWk4V4_465_470.wav,other,3
audioset_EuIgBuPVIMM_15_20.wav,other,3
audioset_EuzXrkNd5mk_35_40.wav,other,3
audioset_evf43ryF4rE_35_40.wav,other,3
audioset_EzOX3kzoK0k_115_120.wav,other,3
audioset_EzQCfMNcgNE_35_40.wav,other,3
audioset_F-UE7JLiEls_15_20.wav,other,3
audioset_F58fP5olXCA_20_25.wav,other,3
audioset_F8621NqQTUQ_120_125.wav,other,3
audioset_f8WPf5F22xI_45_50.wav,other,3
audioset_fAgL29IrM7Y_55_60.wav,other,3
audioset_Fe5Pov1c4J0_170_175.wav,other,3
audioset_Fe5Pov1c4J0_175_180.wav,other,3
audioset_fe8FYtA1hPw_45_50.wav,other,3
audioset_Fe_a7cS9LKg_435_440.wav,other,3
audioset_FfBCYZWtV34_115_120.wav,other,3
audioset_ffRSeubjW-E_50_55.wav,other,3
audioset_Fhrz-QGAvk8_0_5.wav,other,3
audioset_Fhrz-QGAvk8_5_10.wav,other,3
audioset_fIer0uCLqSM_30_35.wav,other,3
audioset_FIsQjsUJSiM_35_40.wav,other,3
audioset_FJYGjDZc86c_185_190.wav,other,3
audioset_FNsAqmDqU5E_26_31.wav,other,3
audioset_fODLQa2BJCo_350_355.wav,other,3
audioset_Fq_Dy9nMzHk_110_115.wav,other,3
audioset_FRcvVvwMu_w_0_5.wav,other,3
audioset_FRcvVvwMu_w_5_10.wav,other,3
audioset_FRHjH4HH2Nk_5_10.wav,other,3
audioset_fsKdJ0u2Nog_5_10.wav,other,3
audioset_ftoihzm5KVA_10_15.wav,other,3
audioset_ftoihzm5KVA_15_20.wav,other,3
audioset_FtVBRdOrXcc_100_105.wav,other,3
audioset_fUdDA64eeFo_250_255.wav,other,3
audioset_fUdRIRThe1Y_0_5.wav,other,3
audioset_func5eFFfQM_30_35.wav,other,3
audioset_func5eFFfQM_35_40.wav,other,3
audioset_FuViqr6l2pU_20_25.wav,other,3
audioset_fVY2s4FU_pI_200_205.wav,other,3
audioset_FwufQ8XJOf4_17_22.wav,other,3
audioset_fxhM5V7EaDY_135_140.wav,other,3
audioset_fyKXcQhgvFw_220_225.wav,other,3
audioset_fzKgIf5fNWk_110_115.wav,other,3
audioset_fZszK44Kzto_110_115.wav,other,3
audioset_G-CeGK9RIyo_100_105.wav,other,3
audioset_G0fUcGxDHds_285_290.wav,other,3
audioset_g0l8ArPOTvA_90_95.wav,other,3
audioset_G1LY8Vt6GAU_105_110.wav,other,3
audioset_G76c9kIiKJw_35_40.wav,other,3
audioset_G8RVnKABX3s_35_40.wav,other,3
audioset_gbbjGQnv7jI_0_5.wav,other,3
audioset_GbD3F5S_4cQ_165_170.wav,other,3
audioset_gBfBHny067U_40_45.wav,other,3
audioset_gBfBHny067U_45_50.wav,other,3
audioset_GBmLWnjHIvU_130_135.wav,other,3
audioset_GbPQ4RiE-e4_35_40.wav,other,3
audioset_g_9mA0RQp7U_30_35.wav,other,3
audioset__-fsiDpnxeE_220_225.wav,other,3
audioset__0WKVY0n8aE_150_155.wav,other,3
audioset__0wt8z6h-cE_150_155.wav,other,3
audioset__0wt8z6h-cE_155_160.wav,other,3
audioset__3sguzoLaTk_15_20.wav,other,3
audioset__97xkAkbwxQ_0_5.wav,other,3
audioset__97xkAkbwxQ_5_10.wav,other,3
audioset__9X0sxE6JnU_160_165.wav,other,3
audioset__9X0sxE6JnU_165_170.wav,other,3
audioset__aWgJa6QXc0_135_140.wav,other,3
audioset__bNWx6FLpu0_20_25.wav,other,3
audioset__DAAIz2O1vbc_0_5.wav,other,3
audioset__jZha6gjkK8_14_19.wav,other,3
audioset__MLcWmxLzHk_5_10.wav,other,3
audioset__pxnSaDou3I_5_10.wav,other,3
audioset__qBvkIrM5_c_400_405.wav,other,3
audioset__qDSR5skY0c_70_75.wav,other,3
audioset__UJQR6E56N4_30_35.wav,other,3
audioset__wk7Bhutevw_85_90.wav,other,3
audioset__xM6pgvR2AA_150_155.wav,other,3
audioset___lxDIpII74_10_15.wav,other,3
